{
  "hash": "3c5a03f7",
  "configHash": "467494c7",
  "lockfileHash": "e3b0c442",
  "browserHash": "3edfba6a",
  "optimized": {
    "@angular/core": {
      "src": "../../../../../../angular18/node_modules/@angular/core/fesm2022/core.mjs",
      "file": "@angular_core.js",
      "fileHash": "21805d0e",
      "needsInterop": false
    },
    "@angular/platform-browser": {
      "src": "../../../../../../angular18/node_modules/@angular/platform-browser/fesm2022/platform-browser.mjs",
      "file": "@angular_platform-browser.js",
      "fileHash": "282429ab",
      "needsInterop": false
    },
    "@angular/router": {
      "src": "../../../../../../angular18/node_modules/@angular/router/fesm2022/router.mjs",
      "file": "@angular_router.js",
      "fileHash": "fc7e4be0",
      "needsInterop": false
    },
    "@angular/common/http": {
      "src": "../../../../../../angular18/node_modules/@angular/common/fesm2022/http.mjs",
      "file": "@angular_common_http.js",
      "fileHash": "09439574",
      "needsInterop": false
    },
    "@angular/forms": {
      "src": "../../../../../../angular18/node_modules/@angular/forms/fesm2022/forms.mjs",
      "file": "@angular_forms.js",
      "fileHash": "13b2fe7f",
      "needsInterop": false
    },
    "@angular/common": {
      "src": "../../../../../../angular18/node_modules/@angular/common/fesm2022/common.mjs",
      "file": "@angular_common.js",
      "fileHash": "4296f70b",
      "needsInterop": false
    }
  },
  "chunks": {
    "chunk-EBSNILOX": {
      "file": "chunk-EBSNILOX.js"
    },
    "chunk-IPZ2AHD2": {
      "file": "chunk-IPZ2AHD2.js"
    },
    "chunk-DXAAZH6T": {
      "file": "chunk-DXAAZH6T.js"
    },
    "chunk-RER7N4J3": {
      "file": "chunk-RER7N4J3.js"
    }
  }
}